funcname,n,seconds
shell_sort_1,10,1.66667e-06
shell_sort_1,100,1.2e-05
shell_sort_1,1000,0.000172
shell_sort_1,10000,0.00201233
shell_sort_1,100000,0.0231753
shell_sort_1,1000000,0.212207
shell_sort_1,10000000,2.62079
