funcname,n,seconds
shell_sort_1,10,1.66667e-06
shell_sort_1,100,1.7e-05
shell_sort_1,1000,0.000215
shell_sort_1,10000,0.003579
shell_sort_1,100000,0.050616
shell_sort_1,1000000,0.706997
shell_sort_1,10000000,10.7214
