funcname,n,seconds
shell_sort,10,1e-06
shell_sort,100,8.33333e-06
shell_sort,1000,0.000119
shell_sort,10000,0.00148567
shell_sort,100000,0.0184907
shell_sort,1000000,0.202437
