funcname,n,seconds
shell_sort,10,1.33333e-06
shell_sort,100,1e-05
shell_sort,1000,0.000121667
shell_sort,10000,0.00152067
shell_sort,100000,0.018778
shell_sort,1000000,0.208848
