funcname,n,seconds
shell_sort,10,1.33333e-06
shell_sort,100,1.5e-05
shell_sort,1000,0.000142667
shell_sort,10000,0.001668
shell_sort,100000,0.0219237
shell_sort,1000000,0.214008
