funcname,n,seconds
shell_sort,10,1e-06
shell_sort,100,1.2e-05
shell_sort,1000,0.000185333
shell_sort,10000,0.002735
shell_sort,100000,0.0365753
shell_sort,1000000,0.453082
